,NA.,label,units
1,NA,6.5,TPM
2,NA,6.5,TPM
3,NA,6.5,TPM
4,NA,6.5,TPM
5,NA,6.5,TPM
6,NA,6.5,TPM
7,NA,6.5,TPM
8,NA,6.5,TPM
9,NA,6.5,TPM
10,NA,6.5,TPM
11,NA,6.5,TPM
12,NA,6.5,TPM
13,NA,6.5,TPM
14,NA,6.5,TPM
15,NA,6.5,TPM
16,NA,6.5,TPM
17,NA,6.5,TPM
18,NA,6.5,TPM
19,NA,6.5,TPM
20,NA,6.5,TPM
21,NA,6.5,TPM
22,NA,6.5,TPM
23,NA,6.5,TPM
24,NA,6.5,TPM
25,NA,6.5,TPM
26,NA,6.5,TPM
27,NA,6.5,TPM
28,NA,6.5,TPM
29,NA,6.5,TPM
30,NA,6.5,TPM
31,NA,6.5,TPM
32,NA,6.5,TPM
33,NA,6.5,TPM
34,NA,6.5,TPM
35,NA,6.5,TPM
36,NA,6.5,TPM
37,NA,6.5,TPM
38,NA,6.5,TPM
39,NA,6.5,TPM
40,NA,6.5,TPM
41,NA,6.5,TPM
42,NA,6.5,TPM
43,NA,6.5,TPM
44,NA,6.5,TPM
45,NA,6.5,TPM
46,NA,6.5,TPM
47,NA,6.5,TPM
48,NA,6.5,TPM
49,NA,6.5,TPM
50,NA,6.5,TPM
51,NA,6.5,TPM
52,NA,6.5,TPM
53,NA,6.5,TPM
54,NA,6.5,TPM
55,NA,6.5,TPM
56,NA,6.5,TPM
57,NA,6.5,TPM
58,NA,6.5,TPM
59,NA,6.5,TPM
60,NA,6.5,TPM
61,NA,6.5,TPM
62,NA,6.5,TPM
63,NA,6.5,TPM
64,NA,6.5,TPM
65,NA,6.5,TPM
66,NA,6.5,TPM
67,NA,6.5,TPM
68,NA,6.5,TPM
69,NA,6.5,TPM
70,NA,6.5,TPM
71,NA,6.5,TPM
72,NA,6.5,TPM
73,NA,6.5,TPM
74,NA,6.5,TPM
75,NA,6.5,TPM
76,NA,6.5,TPM
77,NA,6.5,TPM
78,NA,6.5,TPM
79,NA,6.5,TPM
80,NA,6.5,TPM
81,NA,6.5,TPM
82,NA,6.5,TPM
83,NA,6.5,TPM
84,NA,6.5,TPM
85,NA,6.5,TPM
86,NA,6.5,TPM
87,NA,6.5,TPM
88,NA,6.5,TPM
89,NA,6.5,TPM
90,NA,5,TPM
91,NA,5,TPM
92,NA,5,TPM
93,NA,5,TPM
94,NA,5,TPM
95,NA,5,TPM
96,NA,5,TPM
97,NA,5,TPM
98,NA,5,TPM
99,NA,5,TPM
100,NA,5,TPM
101,NA,5,TPM
102,NA,5,TPM
103,NA,5,TPM
104,NA,5,TPM
105,NA,5,TPM
106,NA,5,TPM
107,NA,5,TPM
108,NA,5,TPM
109,NA,5,TPM
110,NA,5,TPM
111,NA,5,TPM
112,NA,5,TPM
113,NA,5,TPM
114,NA,5,TPM
115,NA,5,TPM
116,NA,5,TPM
117,NA,5,TPM
118,NA,5,TPM
119,NA,5,TPM
120,NA,5,TPM
121,NA,5,TPM
122,NA,5,TPM
123,NA,5,TPM
124,NA,5,TPM
125,NA,5,TPM
126,NA,5,TPM
127,NA,5,TPM
128,NA,5,TPM
129,NA,5,TPM
130,NA,5,TPM
131,NA,5,TPM
132,NA,5,TPM
133,NA,5,TPM
134,NA,5,TPM
135,NA,5,TPM
136,NA,5,TPM
137,NA,5,TPM
138,NA,5,TPM
139,NA,5,TPM
140,NA,5,TPM
141,NA,5,TPM
142,NA,5,TPM
143,NA,5,TPM
144,NA,5,TPM
145,NA,5,TPM
146,NA,5,TPM
147,NA,5,TPM
148,NA,5,TPM
149,NA,5,TPM
150,NA,5,TPM
151,NA,5,TPM
152,NA,5,TPM
153,NA,5,TPM
154,NA,5,TPM
155,NA,5,TPM
156,NA,5,TPM
157,NA,5,TPM
158,NA,5,TPM
159,NA,5,TPM
160,NA,5,TPM
161,NA,5,TPM
162,NA,5,TPM
163,NA,5,TPM
164,NA,5,TPM
165,NA,5,TPM
166,NA,5,TPM
167,NA,5,TPM
168,NA,5,TPM
169,NA,5,TPM
170,NA,5,TPM
171,NA,5,TPM
172,NA,5,TPM
173,NA,5,TPM
174,NA,5,TPM
175,NA,5,TPM
176,NA,5,TPM
177,NA,5,TPM
178,NA,5,TPM
179,NA,5,TPM
180,NA,5,TPM
181,NA,5,TPM
182,NA,5,TPM
183,NA,5,TPM
184,NA,5,TPM
185,NA,8,TPM
186,NA,8,TPM
187,NA,8,TPM
188,NA,8,TPM
189,NA,8,TPM
190,NA,8,TPM
191,NA,8,TPM
192,NA,8,TPM
193,NA,8,TPM
194,NA,8,TPM
195,NA,8,TPM
196,NA,8,TPM
197,NA,8,TPM
198,NA,8,TPM
199,NA,8,TPM
200,NA,8,TPM
201,NA,8,TPM
202,NA,8,TPM
203,NA,8,TPM
204,NA,8,TPM
205,NA,8,TPM
206,NA,8,TPM
207,NA,8,TPM
208,NA,8,TPM
209,NA,8,TPM
210,NA,8,TPM
211,NA,8,TPM
212,NA,8,TPM
213,NA,8,TPM
214,NA,8,TPM
215,NA,8,TPM
216,NA,8,TPM
217,NA,8,TPM
218,NA,8,TPM
219,NA,8,TPM
220,NA,8,TPM
221,NA,8,TPM
222,NA,8,TPM
223,NA,8,TPM
224,NA,8,TPM
225,NA,8,TPM
226,NA,8,TPM
227,NA,8,TPM
228,NA,8,TPM
229,NA,8,TPM
230,NA,8,TPM
231,NA,8,TPM
232,NA,8,TPM
233,NA,8,TPM
234,NA,8,TPM
235,NA,8,TPM
236,NA,8,TPM
237,NA,8,TPM
238,NA,8,TPM
239,NA,8,TPM
240,NA,8,TPM
241,NA,8,TPM
242,NA,8,TPM
243,NA,8,TPM
244,NA,8,TPM
245,NA,8,TPM
246,NA,8,TPM
247,NA,8,TPM
248,NA,8,TPM
249,NA,8,TPM
250,NA,8,TPM
251,NA,8,TPM
252,NA,8,TPM
253,NA,8,TPM
254,NA,8,TPM
255,NA,8,TPM
256,NA,8,TPM
257,NA,8,TPM
258,NA,8,TPM
259,NA,8,TPM
260,NA,8,TPM
261,NA,8,TPM
262,NA,8,TPM
263,NA,8,TPM
264,NA,8,TPM
265,NA,8,TPM
266,NA,8,TPM
267,NA,8,TPM
268,NA,8,TPM
