"","NA.","label","units"
"1",NA,"v6.5 mouse serum+LIF","TCC"
"2",NA,"v6.5 mouse serum+LIF","TCC"
"3",NA,"v6.5 mouse serum+LIF","TCC"
"4",NA,"v6.5 mouse serum+LIF","TCC"
"5",NA,"v6.5 mouse serum+LIF","TCC"
"6",NA,"v6.5 mouse serum+LIF","TCC"
"7",NA,"v6.5 mouse serum+LIF","TCC"
"8",NA,"v6.5 mouse serum+LIF","TCC"
"9",NA,"v6.5 mouse serum+LIF","TCC"
"10",NA,"v6.5 mouse serum+LIF","TCC"
"11",NA,"v6.5 mouse serum+LIF","TCC"
"12",NA,"v6.5 mouse serum+LIF","TCC"
"13",NA,"v6.5 mouse serum+LIF","TCC"
"14",NA,"v6.5 mouse serum+LIF","TCC"
"15",NA,"v6.5 mouse serum+LIF","TCC"
"16",NA,"v6.5 mouse serum+LIF","TCC"
"17",NA,"v6.5 mouse serum+LIF","TCC"
"18",NA,"v6.5 mouse serum+LIF","TCC"
"19",NA,"v6.5 mouse serum+LIF","TCC"
"20",NA,"v6.5 mouse serum+LIF","TCC"
"21",NA,"v6.5 mouse serum+LIF","TCC"
"22",NA,"v6.5 mouse serum+LIF","TCC"
"23",NA,"v6.5 mouse serum+LIF","TCC"
"24",NA,"v6.5 mouse serum+LIF","TCC"
"25",NA,"v6.5 mouse serum+LIF","TCC"
"26",NA,"v6.5 mouse serum+LIF","TCC"
"27",NA,"v6.5 mouse serum+LIF","TCC"
"28",NA,"v6.5 mouse serum+LIF","TCC"
"29",NA,"v6.5 mouse serum+LIF","TCC"
"30",NA,"v6.5 mouse serum+LIF","TCC"
"31",NA,"v6.5 mouse serum+LIF","TCC"
"32",NA,"v6.5 mouse serum+LIF","TCC"
"33",NA,"v6.5 mouse serum+LIF","TCC"
"34",NA,"v6.5 mouse serum+LIF","TCC"
"35",NA,"v6.5 mouse serum+LIF","TCC"
"36",NA,"v6.5 mouse serum+LIF","TCC"
"37",NA,"v6.5 mouse serum+LIF","TCC"
"38",NA,"v6.5 mouse serum+LIF","TCC"
"39",NA,"v6.5 mouse serum+LIF","TCC"
"40",NA,"v6.5 mouse serum+LIF","TCC"
"41",NA,"v6.5 mouse serum+LIF","TCC"
"42",NA,"v6.5 mouse serum+LIF","TCC"
"43",NA,"v6.5 mouse serum+LIF","TCC"
"44",NA,"v6.5 mouse serum+LIF","TCC"
"45",NA,"v6.5 mouse serum+LIF","TCC"
"46",NA,"v6.5 mouse serum+LIF","TCC"
"47",NA,"v6.5 mouse serum+LIF","TCC"
"48",NA,"v6.5 mouse serum+LIF","TCC"
"49",NA,"v6.5 mouse serum+LIF","TCC"
"50",NA,"v6.5 mouse serum+LIF","TCC"
"51",NA,"v6.5 mouse serum+LIF","TCC"
"52",NA,"v6.5 mouse serum+LIF","TCC"
"53",NA,"v6.5 mouse serum+LIF","TCC"
"54",NA,"v6.5 mouse serum+LIF","TCC"
"55",NA,"v6.5 mouse serum+LIF","TCC"
"56",NA,"v6.5 mouse serum+LIF","TCC"
"57",NA,"v6.5 mouse serum+LIF","TCC"
"58",NA,"v6.5 mouse serum+LIF","TCC"
"59",NA,"v6.5 mouse serum+LIF","TCC"
"60",NA,"v6.5 mouse serum+LIF","TCC"
"61",NA,"v6.5 mouse serum+LIF","TCC"
"62",NA,"v6.5 mouse serum+LIF","TCC"
"63",NA,"v6.5 mouse serum+LIF","TCC"
"64",NA,"v6.5 mouse serum+LIF","TCC"
"65",NA,"v6.5 mouse serum+LIF","TCC"
"66",NA,"v6.5 mouse serum+LIF","TCC"
"67",NA,"v6.5 mouse serum+LIF","TCC"
"68",NA,"v6.5 mouse serum+LIF","TCC"
"69",NA,"v6.5 mouse serum+LIF","TCC"
"70",NA,"v6.5 mouse serum+LIF","TCC"
"71",NA,"v6.5 mouse serum+LIF","TCC"
"72",NA,"v6.5 mouse serum+LIF","TCC"
"73",NA,"v6.5 mouse serum+LIF","TCC"
"74",NA,"v6.5 mouse serum+LIF","TCC"
"75",NA,"v6.5 mouse serum+LIF","TCC"
"76",NA,"v6.5 mouse serum+LIF","TCC"
"77",NA,"v6.5 mouse serum+LIF","TCC"
"78",NA,"v6.5 mouse serum+LIF","TCC"
"79",NA,"v6.5 mouse serum+LIF","TCC"
"80",NA,"v6.5 mouse serum+LIF","TCC"
"81",NA,"v6.5 mouse serum+LIF","TCC"
"82",NA,"v6.5 mouse serum+LIF","TCC"
"83",NA,"v6.5 mouse serum+LIF","TCC"
"84",NA,"v6.5 mouse serum+LIF","TCC"
"85",NA,"v6.5 mouse serum+LIF","TCC"
"86",NA,"v6.5 mouse serum+LIF","TCC"
"87",NA,"v6.5 mouse serum+LIF","TCC"
"88",NA,"v6.5 mouse serum+LIF","TCC"
"89",NA,"v6.5 mouse serum+LIF","TCC"
"90",NA,"v6.5 mouse serum+LIF","TCC"
"91",NA,"v6.5 mouse 2i+LIF","TCC"
"92",NA,"v6.5 mouse 2i+LIF","TCC"
"93",NA,"v6.5 mouse 2i+LIF","TCC"
"94",NA,"v6.5 mouse 2i+LIF","TCC"
"95",NA,"v6.5 mouse 2i+LIF","TCC"
"96",NA,"v6.5 mouse 2i+LIF","TCC"
"97",NA,"v6.5 mouse 2i+LIF","TCC"
"98",NA,"v6.5 mouse 2i+LIF","TCC"
"99",NA,"v6.5 mouse 2i+LIF","TCC"
"100",NA,"v6.5 mouse 2i+LIF","TCC"
"101",NA,"v6.5 mouse 2i+LIF","TCC"
"102",NA,"v6.5 mouse 2i+LIF","TCC"
"103",NA,"v6.5 mouse 2i+LIF","TCC"
"104",NA,"v6.5 mouse 2i+LIF","TCC"
"105",NA,"v6.5 mouse 2i+LIF","TCC"
"106",NA,"v6.5 mouse 2i+LIF","TCC"
"107",NA,"v6.5 mouse 2i+LIF","TCC"
"108",NA,"v6.5 mouse 2i+LIF","TCC"
"109",NA,"v6.5 mouse 2i+LIF","TCC"
"110",NA,"v6.5 mouse 2i+LIF","TCC"
"111",NA,"v6.5 mouse 2i+LIF","TCC"
"112",NA,"v6.5 mouse 2i+LIF","TCC"
"113",NA,"v6.5 mouse 2i+LIF","TCC"
"114",NA,"v6.5 mouse 2i+LIF","TCC"
"115",NA,"v6.5 mouse 2i+LIF","TCC"
"116",NA,"v6.5 mouse 2i+LIF","TCC"
"117",NA,"v6.5 mouse 2i+LIF","TCC"
"118",NA,"v6.5 mouse 2i+LIF","TCC"
"119",NA,"v6.5 mouse 2i+LIF","TCC"
"120",NA,"v6.5 mouse 2i+LIF","TCC"
"121",NA,"v6.5 mouse 2i+LIF","TCC"
"122",NA,"v6.5 mouse 2i+LIF","TCC"
"123",NA,"v6.5 mouse 2i+LIF","TCC"
"124",NA,"v6.5 mouse 2i+LIF","TCC"
"125",NA,"v6.5 mouse 2i+LIF","TCC"
"126",NA,"v6.5 mouse 2i+LIF","TCC"
"127",NA,"v6.5 mouse 2i+LIF","TCC"
"128",NA,"v6.5 mouse 2i+LIF","TCC"
"129",NA,"v6.5 mouse 2i+LIF","TCC"
"130",NA,"v6.5 mouse 2i+LIF","TCC"
"131",NA,"v6.5 mouse 2i+LIF","TCC"
"132",NA,"v6.5 mouse 2i+LIF","TCC"
"133",NA,"v6.5 mouse 2i+LIF","TCC"
"134",NA,"v6.5 mouse 2i+LIF","TCC"
"135",NA,"v6.5 mouse 2i+LIF","TCC"
"136",NA,"v6.5 mouse 2i+LIF","TCC"
"137",NA,"v6.5 mouse 2i+LIF","TCC"
"138",NA,"v6.5 mouse 2i+LIF","TCC"
"139",NA,"v6.5 mouse 2i+LIF","TCC"
"140",NA,"v6.5 mouse 2i+LIF","TCC"
"141",NA,"v6.5 mouse 2i+LIF","TCC"
"142",NA,"v6.5 mouse 2i+LIF","TCC"
"143",NA,"v6.5 mouse 2i+LIF","TCC"
"144",NA,"v6.5 mouse 2i+LIF","TCC"
"145",NA,"v6.5 mouse 2i+LIF","TCC"
"146",NA,"v6.5 mouse 2i+LIF","TCC"
"147",NA,"v6.5 mouse 2i+LIF","TCC"
"148",NA,"v6.5 mouse 2i+LIF","TCC"
"149",NA,"v6.5 mouse 2i+LIF","TCC"
"150",NA,"v6.5 mouse 2i+LIF","TCC"
"151",NA,"v6.5 mouse 2i+LIF","TCC"
"152",NA,"v6.5 mouse 2i+LIF","TCC"
"153",NA,"v6.5 mouse 2i+LIF","TCC"
"154",NA,"v6.5 mouse 2i+LIF","TCC"
"155",NA,"v6.5 mouse 2i+LIF","TCC"
"156",NA,"v6.5 mouse 2i+LIF","TCC"
"157",NA,"v6.5 mouse 2i+LIF","TCC"
"158",NA,"v6.5 mouse 2i+LIF","TCC"
"159",NA,"v6.5 mouse 2i+LIF","TCC"
"160",NA,"v6.5 mouse 2i+LIF","TCC"
"161",NA,"v6.5 mouse 2i+LIF","TCC"
"162",NA,"v6.5 mouse 2i+LIF","TCC"
"163",NA,"v6.5 mouse 2i+LIF","TCC"
"164",NA,"v6.5 mouse 2i+LIF","TCC"
"165",NA,"v6.5 mouse 2i+LIF","TCC"
"166",NA,"v6.5 mouse 2i+LIF","TCC"
"167",NA,"v6.5 mouse 2i+LIF","TCC"
"168",NA,"v6.5 mouse 2i+LIF","TCC"
"169",NA,"v6.5 mouse 2i+LIF","TCC"
"170",NA,"v6.5 mouse 2i+LIF","TCC"
"171",NA,"v6.5 mouse 2i+LIF","TCC"
"172",NA,"v6.5 mouse 2i+LIF","TCC"
"173",NA,"v6.5 mouse 2i+LIF","TCC"
"174",NA,"v6.5 mouse 2i+LIF","TCC"
"175",NA,"v6.5 mouse 2i+LIF","TCC"
"176",NA,"v6.5 mouse 2i+LIF","TCC"
"177",NA,"v6.5 mouse 2i+LIF","TCC"
"178",NA,"v6.5 mouse 2i+LIF","TCC"
"179",NA,"v6.5 mouse 2i+LIF","TCC"
"180",NA,"v6.5 mouse 2i+LIF","TCC"
"181",NA,"v6.5 mouse 2i+LIF","TCC"
"182",NA,"v6.5 mouse 2i+LIF","TCC"
"183",NA,"v6.5 mouse 2i+LIF","TCC"
"184",NA,"v6.5 mouse 2i+LIF","TCC"
"185",NA,"Dgcr8 knockout mouse serum+LIF","TCC"
"186",NA,"Dgcr8 knockout mouse serum+LIF","TCC"
"187",NA,"Dgcr8 knockout mouse serum+LIF","TCC"
"188",NA,"Dgcr8 knockout mouse serum+LIF","TCC"
"189",NA,"Dgcr8 knockout mouse serum+LIF","TCC"
"190",NA,"Dgcr8 knockout mouse serum+LIF","TCC"
"191",NA,"Dgcr8 knockout mouse serum+LIF","TCC"
"192",NA,"Dgcr8 knockout mouse serum+LIF","TCC"
"193",NA,"Dgcr8 knockout mouse serum+LIF","TCC"
"194",NA,"Dgcr8 knockout mouse serum+LIF","TCC"
"195",NA,"Dgcr8 knockout mouse serum+LIF","TCC"
"196",NA,"Dgcr8 knockout mouse serum+LIF","TCC"
"197",NA,"Dgcr8 knockout mouse serum+LIF","TCC"
"198",NA,"Dgcr8 knockout mouse serum+LIF","TCC"
"199",NA,"Dgcr8 knockout mouse serum+LIF","TCC"
"200",NA,"Dgcr8 knockout mouse serum+LIF","TCC"
"201",NA,"Dgcr8 knockout mouse serum+LIF","TCC"
"202",NA,"Dgcr8 knockout mouse serum+LIF","TCC"
"203",NA,"Dgcr8 knockout mouse serum+LIF","TCC"
"204",NA,"Dgcr8 knockout mouse serum+LIF","TCC"
"205",NA,"Dgcr8 knockout mouse serum+LIF","TCC"
"206",NA,"Dgcr8 knockout mouse serum+LIF","TCC"
"207",NA,"Dgcr8 knockout mouse serum+LIF","TCC"
"208",NA,"Dgcr8 knockout mouse serum+LIF","TCC"
"209",NA,"Dgcr8 knockout mouse serum+LIF","TCC"
"210",NA,"Dgcr8 knockout mouse serum+LIF","TCC"
"211",NA,"Dgcr8 knockout mouse serum+LIF","TCC"
"212",NA,"Dgcr8 knockout mouse serum+LIF","TCC"
"213",NA,"Dgcr8 knockout mouse serum+LIF","TCC"
"214",NA,"Dgcr8 knockout mouse serum+LIF","TCC"
"215",NA,"Dgcr8 knockout mouse serum+LIF","TCC"
"216",NA,"Dgcr8 knockout mouse serum+LIF","TCC"
"217",NA,"Dgcr8 knockout mouse serum+LIF","TCC"
"218",NA,"Dgcr8 knockout mouse serum+LIF","TCC"
"219",NA,"Dgcr8 knockout mouse serum+LIF","TCC"
"220",NA,"Dgcr8 knockout mouse serum+LIF","TCC"
"221",NA,"Dgcr8 knockout mouse serum+LIF","TCC"
"222",NA,"Dgcr8 knockout mouse serum+LIF","TCC"
"223",NA,"Dgcr8 knockout mouse serum+LIF","TCC"
"224",NA,"Dgcr8 knockout mouse serum+LIF","TCC"
"225",NA,"Dgcr8 knockout mouse serum+LIF","TCC"
"226",NA,"Dgcr8 knockout mouse serum+LIF","TCC"
"227",NA,"Dgcr8 knockout mouse serum+LIF","TCC"
"228",NA,"Dgcr8 knockout mouse serum+LIF","TCC"
"229",NA,"Dgcr8 knockout mouse serum+LIF","TCC"
"230",NA,"Dgcr8 knockout mouse serum+LIF","TCC"
"231",NA,"Dgcr8 knockout mouse serum+LIF","TCC"
"232",NA,"Dgcr8 knockout mouse serum+LIF","TCC"
"233",NA,"Dgcr8 knockout mouse serum+LIF","TCC"
"234",NA,"Dgcr8 knockout mouse serum+LIF","TCC"
"235",NA,"Dgcr8 knockout mouse serum+LIF","TCC"
"236",NA,"Dgcr8 knockout mouse serum+LIF","TCC"
"237",NA,"Dgcr8 knockout mouse serum+LIF","TCC"
"238",NA,"Dgcr8 knockout mouse serum+LIF","TCC"
"239",NA,"Dgcr8 knockout mouse serum+LIF","TCC"
"240",NA,"Dgcr8 knockout mouse serum+LIF","TCC"
"241",NA,"Dgcr8 knockout mouse serum+LIF","TCC"
"242",NA,"Dgcr8 knockout mouse serum+LIF","TCC"
"243",NA,"Dgcr8 knockout mouse serum+LIF","TCC"
"244",NA,"Dgcr8 knockout mouse serum+LIF","TCC"
"245",NA,"Dgcr8 knockout mouse serum+LIF","TCC"
"246",NA,"Dgcr8 knockout mouse serum+LIF","TCC"
"247",NA,"Dgcr8 knockout mouse serum+LIF","TCC"
"248",NA,"Dgcr8 knockout mouse serum+LIF","TCC"
"249",NA,"Dgcr8 knockout mouse serum+LIF","TCC"
"250",NA,"Dgcr8 knockout mouse serum+LIF","TCC"
"251",NA,"Dgcr8 knockout mouse serum+LIF","TCC"
"252",NA,"Dgcr8 knockout mouse serum+LIF","TCC"
"253",NA,"Dgcr8 knockout mouse serum+LIF","TCC"
"254",NA,"Dgcr8 knockout mouse serum+LIF","TCC"
"255",NA,"Dgcr8 knockout mouse serum+LIF","TCC"
"256",NA,"Dgcr8 knockout mouse serum+LIF","TCC"
"257",NA,"Dgcr8 knockout mouse serum+LIF","TCC"
"258",NA,"Dgcr8 knockout mouse serum+LIF","TCC"
"259",NA,"Dgcr8 knockout mouse serum+LIF","TCC"
"260",NA,"Dgcr8 knockout mouse serum+LIF","TCC"
"261",NA,"Dgcr8 knockout mouse serum+LIF","TCC"
"262",NA,"Dgcr8 knockout mouse serum+LIF","TCC"
"263",NA,"Dgcr8 knockout mouse serum+LIF","TCC"
"264",NA,"Dgcr8 knockout mouse serum+LIF","TCC"
"265",NA,"Dgcr8 knockout mouse serum+LIF","TCC"
"266",NA,"Dgcr8 knockout mouse serum+LIF","TCC"
"267",NA,"Dgcr8 knockout mouse serum+LIF","TCC"
"268",NA,"Dgcr8 knockout mouse serum+LIF","TCC"
